{
  "/ajudafacitysistemas/__docusaurus/debug-cdd": {
    "__comp": "__comp---theme-debug-config-23-a-2ff",
    "__context": {
      "plugin": "plugin---ajudafacitysistemas-docusaurus-debugb-38-b91"
    }
  },
  "/ajudafacitysistemas/__docusaurus/debug/config-f32": {
    "__comp": "__comp---theme-debug-config-23-a-2ff",
    "__context": {
      "plugin": "plugin---ajudafacitysistemas-docusaurus-debugb-38-b91"
    }
  },
  "/ajudafacitysistemas/__docusaurus/debug/content-237": {
    "__comp": "__comp---theme-debug-contentba-8-ce7",
    "__context": {
      "plugin": "plugin---ajudafacitysistemas-docusaurus-debugb-38-b91"
    },
    "__props": "__props---ajudafacitysistemas-docusaurus-debug-content-607-d44"
  },
  "/ajudafacitysistemas/__docusaurus/debug/globalData-b57": {
    "__comp": "__comp---theme-debug-global-dataede-0fa",
    "__context": {
      "plugin": "plugin---ajudafacitysistemas-docusaurus-debugb-38-b91"
    }
  },
  "/ajudafacitysistemas/__docusaurus/debug/metadata-ff2": {
    "__comp": "__comp---theme-debug-site-metadata-68-e-3d4",
    "__context": {
      "plugin": "plugin---ajudafacitysistemas-docusaurus-debugb-38-b91"
    }
  },
  "/ajudafacitysistemas/__docusaurus/debug/registry-07d": {
    "__comp": "__comp---theme-debug-registry-679-501",
    "__context": {
      "plugin": "plugin---ajudafacitysistemas-docusaurus-debugb-38-b91"
    }
  },
  "/ajudafacitysistemas/__docusaurus/debug/routes-134": {
    "__comp": "__comp---theme-debug-routes-946-699",
    "__context": {
      "plugin": "plugin---ajudafacitysistemas-docusaurus-debugb-38-b91"
    }
  },
  "/ajudafacitysistemas/blog-093": {
    "__comp": "__comp---theme-blog-list-pagea-6-a-7ba",
    "__context": {
      "plugin": "plugin---ajudafacitysistemas-blog-369-eff"
    },
    "sidebar": "sidebar---ajudafacitysistemas-blog-814-c76",
    "items": [
      {
        "content": "content---ajudafacitysistemas-blog-766-ac5"
      },
      {
        "content": "content---ajudafacitysistemas-blogf-4-f-13a"
      },
      {
        "content": "content---ajudafacitysistemas-blog-871-b69"
      },
      {
        "content": "content---ajudafacitysistemas-blog-925-8be"
      }
    ],
    "__props": "__props---ajudafacitysistemas-bloga-99-3f8"
  },
  "/ajudafacitysistemas/blog/archive-e0d": {
    "__comp": "__comp---theme-blog-archive-page-9-e-4-1d8",
    "__context": {
      "plugin": "plugin---ajudafacitysistemas-blog-369-eff"
    },
    "__props": "__props---ajudafacitysistemas-blog-archiveb-69-713"
  },
  "/ajudafacitysistemas/blog/authors-d25": {
    "__comp": "__comp---theme-blog-pages-blog-authors-list-page-621-70c",
    "__context": {
      "data": {
        "blogMetadata": "blogMetadata---ajudafacitysistemas-blog-authorsace-9a6"
      },
      "plugin": "plugin---ajudafacitysistemas-blog-369-eff"
    },
    "sidebar": "sidebar---ajudafacitysistemas-blog-814-c76",
    "__props": "__props---ajudafacitysistemas-blog-authorsb-38-8e6"
  },
  "/ajudafacitysistemas/blog/authors/all-sebastien-lorber-articles-eb4": {
    "__comp": "__comp---theme-blog-pages-blog-authors-posts-page-33-f-bd5",
    "__context": {
      "data": {
        "blogMetadata": "blogMetadata---ajudafacitysistemas-blog-authorsace-9a6"
      },
      "plugin": "plugin---ajudafacitysistemas-blog-369-eff"
    },
    "items": [
      {
        "content": "content---ajudafacitysistemas-blog-766-ac5"
      },
      {
        "content": "content---ajudafacitysistemas-blogf-4-f-13a"
      },
      {
        "content": "content---ajudafacitysistemas-blog-925-8be"
      }
    ],
    "sidebar": "sidebar---ajudafacitysistemas-blog-814-c76",
    "__props": "__props---ajudafacitysistemas-blog-authors-all-sebastien-lorber-articles-52-f-2dc"
  },
  "/ajudafacitysistemas/blog/authors/yangshun-aed": {
    "__comp": "__comp---theme-blog-pages-blog-authors-posts-page-33-f-bd5",
    "__context": {
      "data": {
        "blogMetadata": "blogMetadata---ajudafacitysistemas-blog-authorsace-9a6"
      },
      "plugin": "plugin---ajudafacitysistemas-blog-369-eff"
    },
    "items": [
      {
        "content": "content---ajudafacitysistemas-blog-766-ac5"
      },
      {
        "content": "content---ajudafacitysistemas-blog-871-b69"
      },
      {
        "content": "content---ajudafacitysistemas-blog-925-8be"
      }
    ],
    "sidebar": "sidebar---ajudafacitysistemas-blog-814-c76",
    "__props": "__props---ajudafacitysistemas-blog-authors-yangshun-25-f-d04"
  },
  "/ajudafacitysistemas/blog/first-blog-post-b72": {
    "__comp": "__comp---theme-blog-post-pageccc-cab",
    "__context": {
      "data": {
        "blogMetadata": "blogMetadata---ajudafacitysistemas-blog-authorsace-9a6"
      },
      "plugin": "plugin---ajudafacitysistemas-blog-369-eff"
    },
    "sidebar": "sidebar---ajudafacitysistemas-blog-814-c76",
    "content": "content---ajudafacitysistemas-blog-first-blog-poste-27-818"
  },
  "/ajudafacitysistemas/blog/long-blog-post-976": {
    "__comp": "__comp---theme-blog-post-pageccc-cab",
    "__context": {
      "data": {
        "blogMetadata": "blogMetadata---ajudafacitysistemas-blog-authorsace-9a6"
      },
      "plugin": "plugin---ajudafacitysistemas-blog-369-eff"
    },
    "sidebar": "sidebar---ajudafacitysistemas-blog-814-c76",
    "content": "content---ajudafacitysistemas-blog-long-blog-post-736-df1"
  },
  "/ajudafacitysistemas/blog/mdx-blog-post-f81": {
    "__comp": "__comp---theme-blog-post-pageccc-cab",
    "__context": {
      "data": {
        "blogMetadata": "blogMetadata---ajudafacitysistemas-blog-authorsace-9a6"
      },
      "plugin": "plugin---ajudafacitysistemas-blog-369-eff"
    },
    "sidebar": "sidebar---ajudafacitysistemas-blog-814-c76",
    "content": "content---ajudafacitysistemas-blog-mdx-blog-post-593-557"
  },
  "/ajudafacitysistemas/blog/tags-3fa": {
    "__comp": "__comp---theme-blog-tags-list-page-01-a-d0b",
    "__context": {
      "plugin": "plugin---ajudafacitysistemas-blog-369-eff"
    },
    "sidebar": "sidebar---ajudafacitysistemas-blog-814-c76",
    "__props": "__props---ajudafacitysistemas-blog-tagsdfc-aac"
  },
  "/ajudafacitysistemas/blog/tags/docusaurus-1b1": {
    "__comp": "__comp---theme-blog-tags-posts-page-687-b6c",
    "__context": {
      "plugin": "plugin---ajudafacitysistemas-blog-369-eff"
    },
    "sidebar": "sidebar---ajudafacitysistemas-blog-814-c76",
    "items": [
      {
        "content": "content---ajudafacitysistemas-blog-766-ac5"
      },
      {
        "content": "content---ajudafacitysistemas-blogf-4-f-13a"
      },
      {
        "content": "content---ajudafacitysistemas-blog-871-b69"
      },
      {
        "content": "content---ajudafacitysistemas-blog-925-8be"
      }
    ],
    "__props": "__props---ajudafacitysistemas-blog-tags-docusauruscc-8-972"
  },
  "/ajudafacitysistemas/blog/tags/facebook-9b9": {
    "__comp": "__comp---theme-blog-tags-posts-page-687-b6c",
    "__context": {
      "plugin": "plugin---ajudafacitysistemas-blog-369-eff"
    },
    "sidebar": "sidebar---ajudafacitysistemas-blog-814-c76",
    "items": [
      {
        "content": "content---ajudafacitysistemas-blog-766-ac5"
      }
    ],
    "__props": "__props---ajudafacitysistemas-blog-tags-facebookb-67-d3f"
  },
  "/ajudafacitysistemas/blog/tags/hello-b9e": {
    "__comp": "__comp---theme-blog-tags-posts-page-687-b6c",
    "__context": {
      "plugin": "plugin---ajudafacitysistemas-blog-369-eff"
    },
    "sidebar": "sidebar---ajudafacitysistemas-blog-814-c76",
    "items": [
      {
        "content": "content---ajudafacitysistemas-blog-766-ac5"
      },
      {
        "content": "content---ajudafacitysistemas-blog-871-b69"
      }
    ],
    "__props": "__props---ajudafacitysistemas-blog-tags-helloa-6-e-78e"
  },
  "/ajudafacitysistemas/blog/tags/hola-c0c": {
    "__comp": "__comp---theme-blog-tags-posts-page-687-b6c",
    "__context": {
      "plugin": "plugin---ajudafacitysistemas-blog-369-eff"
    },
    "sidebar": "sidebar---ajudafacitysistemas-blog-814-c76",
    "items": [
      {
        "content": "content---ajudafacitysistemas-blog-925-8be"
      }
    ],
    "__props": "__props---ajudafacitysistemas-blog-tags-hola-5-ae-d80"
  },
  "/ajudafacitysistemas/blog/welcome-af8": {
    "__comp": "__comp---theme-blog-post-pageccc-cab",
    "__context": {
      "data": {
        "blogMetadata": "blogMetadata---ajudafacitysistemas-blog-authorsace-9a6"
      },
      "plugin": "plugin---ajudafacitysistemas-blog-369-eff"
    },
    "sidebar": "sidebar---ajudafacitysistemas-blog-814-c76",
    "content": "content---ajudafacitysistemas-blog-welcomed-9-f-5a3"
  },
  "/ajudafacitysistemas/markdown-page-7bc": {
    "__comp": "__comp---theme-mdx-page-1-f-3-b90",
    "__context": {
      "plugin": "plugin---ajudafacitysistemas-markdown-pagea-74-fd0"
    },
    "content": "content---ajudafacitysistemas-markdown-page-393-2fd"
  },
  "/ajudafacitysistemas/docs-949": {
    "__comp": "__comp---theme-docs-root-5-e-9-0b6",
    "__context": {
      "plugin": "plugin---ajudafacitysistemas-docsaba-556"
    }
  },
  "/ajudafacitysistemas/docs-2ee": {
    "__comp": "__comp---theme-doc-version-roota-7-b-5de",
    "__props": "__props---ajudafacitysistemas-docs-306-079"
  },
  "/ajudafacitysistemas/docs-c0f": {
    "__comp": "__comp---theme-doc-roota-94-67a"
  },
  "/ajudafacitysistemas/docs/admin-79d": {
    "__comp": "__comp---theme-doc-item-178-a40",
    "content": "content---ajudafacitysistemas-docs-admin-605-dca"
  },
  "/ajudafacitysistemas/docs/category/teste-fda": {
    "__comp": "__comp---theme-doc-category-generated-index-page-14-e-640",
    "__props": "__props---ajudafacitysistemas-docs-category-testeb-0-d-163"
  },
  "/ajudafacitysistemas/docs/category/tutorial---basics-c0b": {
    "__comp": "__comp---theme-doc-category-generated-index-page-14-e-640",
    "__props": "__props---ajudafacitysistemas-docs-category-tutorial-basicsa-11-9d9"
  },
  "/ajudafacitysistemas/docs/category/tutorial---extras-373": {
    "__comp": "__comp---theme-doc-category-generated-index-page-14-e-640",
    "__props": "__props---ajudafacitysistemas-docs-category-tutorial-extras-9-c-7-253"
  },
  "/ajudafacitysistemas/docs/intro-02d": {
    "__comp": "__comp---theme-doc-item-178-a40",
    "content": "content---ajudafacitysistemas-docs-intro-0-e-3-4d2"
  },
  "/ajudafacitysistemas/docs/Teste/Parabéns-b1c": {
    "__comp": "__comp---theme-doc-item-178-a40",
    "content": "content---ajudafacitysistemas-docs-teste-parabensb-60-215"
  },
  "/ajudafacitysistemas/docs/tutorial-basics/congratulations-0e6": {
    "__comp": "__comp---theme-doc-item-178-a40",
    "content": "content---ajudafacitysistemas-docs-tutorial-basics-congratulations-822-383"
  },
  "/ajudafacitysistemas/docs/tutorial-basics/create-a-blog-post-69c": {
    "__comp": "__comp---theme-doc-item-178-a40",
    "content": "content---ajudafacitysistemas-docs-tutorial-basics-create-a-blog-post-533-e5e"
  },
  "/ajudafacitysistemas/docs/tutorial-basics/create-a-document-683": {
    "__comp": "__comp---theme-doc-item-178-a40",
    "content": "content---ajudafacitysistemas-docs-tutorial-basics-create-a-document-1-e-4-387"
  },
  "/ajudafacitysistemas/docs/tutorial-basics/create-a-page-4a5": {
    "__comp": "__comp---theme-doc-item-178-a40",
    "content": "content---ajudafacitysistemas-docs-tutorial-basics-create-a-page-5-c-8-8b6"
  },
  "/ajudafacitysistemas/docs/tutorial-basics/deploy-your-site-41f": {
    "__comp": "__comp---theme-doc-item-178-a40",
    "content": "content---ajudafacitysistemas-docs-tutorial-basics-deploy-your-sitef-55-ae5"
  },
  "/ajudafacitysistemas/docs/tutorial-basics/markdown-features-ea3": {
    "__comp": "__comp---theme-doc-item-178-a40",
    "content": "content---ajudafacitysistemas-docs-tutorial-basics-markdown-features-18-c-8a1"
  },
  "/ajudafacitysistemas/docs/tutorial-extras/manage-docs-versions-418": {
    "__comp": "__comp---theme-doc-item-178-a40",
    "content": "content---ajudafacitysistemas-docs-tutorial-extras-manage-docs-versionsdff-91a"
  },
  "/ajudafacitysistemas/docs/tutorial-extras/translate-your-site-5e4": {
    "__comp": "__comp---theme-doc-item-178-a40",
    "content": "content---ajudafacitysistemas-docs-tutorial-extras-translate-your-sitee-44-e84"
  },
  "/ajudafacitysistemas/-54d": {
    "__comp": "__comp---site-src-pages-index-jsc-4-f-f99",
    "__context": {
      "plugin": "plugin---ajudafacitysistemas-markdown-pagea-74-fd0"
    },
    "config": "config---ajudafacitysistemas-5-e-9-2bc"
  }
}