{
  "id": "admin",
  "title": "Admin",
  "description": "",
  "source": "@site/docs/admin.md",
  "sourceDirName": ".",
  "slug": "/admin",
  "permalink": "/ajudafacitysistemas/docs/admin",
  "draft": false,
  "unlisted": false,
  "editUrl": "https://github.com/ajudafacity/ajudafacitysistemas/edit/main/docs/admin.md",
  "tags": [],
  "version": "current",
  "frontMatter": {
    "title": "Admin",
    "slug": "/admin"
  },
  "sidebar": "tutorialSidebar",
  "previous": {
    "title": "Translate your site",
    "permalink": "/ajudafacitysistemas/docs/tutorial-extras/translate-your-site"
  }
}