{
  "id": "tutorial-basics/create-a-page",
  "title": "Create a Page",
  "description": "Add Markdown or React files to src/pages to create a standalone page:",
  "source": "@site/docs/tutorial-basics/create-a-page.md",
  "sourceDirName": "tutorial-basics",
  "slug": "/tutorial-basics/create-a-page",
  "permalink": "/ajudafacitysistemas/docs/tutorial-basics/create-a-page",
  "draft": false,
  "unlisted": false,
  "editUrl": "https://github.com/ajudafacity/ajudafacitysistemas/edit/main/docs/tutorial-basics/create-a-page.md",
  "tags": [],
  "version": "current",
  "sidebarPosition": 1,
  "frontMatter": {
    "sidebar_position": 1
  },
  "sidebar": "tutorialSidebar",
  "previous": {
    "title": "Tutorial - Basics",
    "permalink": "/ajudafacitysistemas/docs/category/tutorial---basics"
  },
  "next": {
    "title": "Create a Document",
    "permalink": "/ajudafacitysistemas/docs/tutorial-basics/create-a-document"
  }
}