{
  "id": "intro",
  "title": "Tutorial Intro",
  "description": "Let's discover Docusaurus in less than 5 minutes.",
  "source": "@site/docs/intro.md",
  "sourceDirName": ".",
  "slug": "/intro",
  "permalink": "/ajudafacitysistemas/docs/intro",
  "draft": false,
  "unlisted": false,
  "editUrl": "https://github.com/ajudafacity/ajudafacitysistemas/edit/main/docs/intro.md",
  "tags": [],
  "version": "current",
  "sidebarPosition": 1,
  "frontMatter": {
    "sidebar_position": 1
  },
  "sidebar": "tutorialSidebar",
  "previous": {
    "title": "Congratulations!",
    "permalink": "/ajudafacitysistemas/docs/Teste/Parabéns"
  },
  "next": {
    "title": "Tutorial - Basics",
    "permalink": "/ajudafacitysistemas/docs/category/tutorial---basics"
  }
}