{
  "id": "Teste/Parabéns",
  "title": "Congratulations!",
  "description": "You have justiiiiiiiiiiiiiiii learned the basics of Docusaurus and made some changes to the initial template.",
  "source": "@site/docs/Teste/Parabéns.md",
  "sourceDirName": "Teste",
  "slug": "/Teste/Parabéns",
  "permalink": "/ajudafacitysistemas/docs/Teste/Parabéns",
  "draft": false,
  "unlisted": false,
  "editUrl": "https://github.com/ajudafacity/ajudafacitysistemas/edit/main/docs/Teste/Parabéns.md",
  "tags": [],
  "version": "current",
  "sidebarPosition": 1,
  "frontMatter": {
    "sidebar_position": 1
  },
  "sidebar": "tutorialSidebar",
  "previous": {
    "title": "Teste",
    "permalink": "/ajudafacitysistemas/docs/category/teste"
  },
  "next": {
    "title": "Tutorial Intro",
    "permalink": "/ajudafacitysistemas/docs/intro"
  }
}